gradient_boosting_lr_0.01_depth_3,gradient_boosting_lr_0.01_depth_4,gradient_boosting_lr_0.01_depth_5,gradient_boosting_lr_0.01_depth_6,gradient_boosting_lr_0.01_depth_7,gradient_boosting_lr_0.01_depth_8,gradient_boosting_lr_0.01_depth_9,gradient_boosting_lr_0.01_depth_10,gradient_boosting_lr_0.04_depth_3,gradient_boosting_lr_0.04_depth_4,gradient_boosting_lr_0.04_depth_5,gradient_boosting_lr_0.04_depth_6,gradient_boosting_lr_0.04_depth_7,gradient_boosting_lr_0.04_depth_8,gradient_boosting_lr_0.04_depth_9,gradient_boosting_lr_0.04_depth_10,gradient_boosting_lr_0.07_depth_3,gradient_boosting_lr_0.07_depth_4,gradient_boosting_lr_0.07_depth_5,gradient_boosting_lr_0.07_depth_6,gradient_boosting_lr_0.07_depth_7,gradient_boosting_lr_0.07_depth_8,gradient_boosting_lr_0.07_depth_9,gradient_boosting_lr_0.07_depth_10,gradient_boosting_lr_0.1_depth_3,gradient_boosting_lr_0.1_depth_4,gradient_boosting_lr_0.1_depth_5,gradient_boosting_lr_0.1_depth_6,gradient_boosting_lr_0.1_depth_7,gradient_boosting_lr_0.1_depth_8,gradient_boosting_lr_0.1_depth_9,gradient_boosting_lr_0.1_depth_10,gradient_boosting_lr_0.13_depth_3,gradient_boosting_lr_0.13_depth_4,gradient_boosting_lr_0.13_depth_5,gradient_boosting_lr_0.13_depth_6,gradient_boosting_lr_0.13_depth_7,gradient_boosting_lr_0.13_depth_8,gradient_boosting_lr_0.13_depth_9,gradient_boosting_lr_0.13_depth_10,gradient_boosting_lr_0.16_depth_3,gradient_boosting_lr_0.16_depth_4,gradient_boosting_lr_0.16_depth_5,gradient_boosting_lr_0.16_depth_6,gradient_boosting_lr_0.16_depth_7,gradient_boosting_lr_0.16_depth_8,gradient_boosting_lr_0.16_depth_9,gradient_boosting_lr_0.16_depth_10,gradient_boosting_lr_0.19_depth_3,gradient_boosting_lr_0.19_depth_4,gradient_boosting_lr_0.19_depth_5,gradient_boosting_lr_0.19_depth_6,gradient_boosting_lr_0.19_depth_7,gradient_boosting_lr_0.19_depth_8,gradient_boosting_lr_0.19_depth_9,gradient_boosting_lr_0.19_depth_10,gradient_boosting_lr_0.21_depth_3,gradient_boosting_lr_0.21_depth_4,gradient_boosting_lr_0.21_depth_5,gradient_boosting_lr_0.21_depth_6,gradient_boosting_lr_0.21_depth_7,gradient_boosting_lr_0.21_depth_8,gradient_boosting_lr_0.21_depth_9,gradient_boosting_lr_0.21_depth_10
0.34804001968181075,0.3383183781987371,0.33930348258706466,0.3172833248859605,0.32184294602320496,0.32787433155080214,0.3355459674742781,0.34280085371860125,0.4890042343942084,0.492500681756204,0.49353477609908813,0.4868115347820145,0.48908892525913805,0.49136171949394647,0.4855428259683579,0.4787887054972037,0.49532836831415034,0.49661521797996216,0.49464406779661013,0.48897959183673473,0.48904016337644657,0.48830886351277875,0.4901110810078569,0.48100922409115576,0.49272603670972137,0.49783432593394694,0.49327719679478477,0.48822969111443737,0.489318274595183,0.48822095857026815,0.48406779661016947,0.479544838797074,0.49278518921862235,0.4941718622933044,0.49417817492553484,0.48459958932238184,0.486405655247417,0.4786045243935677,0.47526358475263586,0.47646103896103903,0.4943667707343559,0.4959371614301192,0.4910799400789868,0.48232392436283916,0.47931409907457806,0.47796012477960126,0.46924643584521386,0.47528720277851993,0.4963444354183591,0.4898680810553515,0.4903820102953129,0.4824120603015075,0.47822536744692434,0.4724665133270193,0.4686048055223682,0.46856090502499337,0.49320652173913043,0.49247865564439636,0.4918210085169663,0.47731000546746855,0.47392721347093975,0.4718196457326892,0.4659450897571278,0.46602447279354337
0.329,0.3291097032344115,0.3222764775214682,0.31887970305382146,0.3262363788767812,0.33960396039603963,0.34788294915808404,0.3433420365535248,0.48138551752352376,0.4801202350047822,0.48010936431989065,0.47911547911547914,0.4769692014172799,0.4769188746244195,0.4771863117870722,0.4704117807472048,0.48758099352051837,0.48078495502861823,0.4843962008141114,0.4832178285093083,0.48263652458123385,0.47535836177474405,0.4765391917548142,0.470652026569066,0.48621621621621625,0.48136054421768704,0.4798034934497816,0.47777474775020445,0.48162711864406776,0.47366984993178723,0.47361996473619955,0.4710017574692443,0.4854631507775525,0.4802067745884913,0.483480625424881,0.47768886477688866,0.47356196201666895,0.4705562355501156,0.4658906334596643,0.46607431340872374,0.48423913043478256,0.4786045243935677,0.4780594167348052,0.47444657010112057,0.47235085807681826,0.4700935847009358,0.4664605457722812,0.4614559592438665,0.48456121343445285,0.4771393476183977,0.4764240937585173,0.4731680740942523,0.46819476468194765,0.46149696561024944,0.4591918651324592,0.45927095670482954,0.4815518176885513,0.4783971650538367,0.4732907435095827,0.47003976415741117,0.46654023299918723,0.4634179084440865,0.46119085592769804,0.4538251721002728
0.33183707398171236,0.3224722875377897,0.32977659219739913,0.33360995850622405,0.33316724796545427,0.33791618353486835,0.3374131657294079,0.34241628365068943,0.472130242825607,0.47517632415986727,0.47492747617074177,0.47456225010340547,0.4740843123704215,0.46977451929727493,0.4702323662862642,0.46995737659837755,0.47811170577741174,0.4786912290349189,0.47629547960308716,0.4741106990797968,0.47448769082657133,0.47052356740415013,0.4695556774547449,0.4646768893756846,0.4813448134481345,0.47874535699546017,0.4758904109589042,0.475499589378593,0.4689788586430841,0.47084708470847086,0.46301897167995604,0.46063422635319845,0.48178581210627225,0.47607260726072603,0.4733223322332233,0.47105733534992433,0.4672819947651191,0.46045548654244306,0.4618336302590106,0.4631408088732585,0.48097454147276203,0.48088033012379644,0.4776447929563902,0.4637119113573407,0.4688916357643181,0.45838492227266475,0.45255474452554745,0.4583165525573903,0.4788809654415797,0.4785901142778466,0.46932006633499174,0.46425614131934856,0.4628965517241379,0.4591725639629831,0.4564304106247459,0.4559915164369035,0.483408439164277,0.474090407938258,0.46893897746014296,0.4633910034602076,0.4574700109051254,0.4591229020032485,0.45059499933146147,0.4545334215751158
0.34466820732915154,0.33958506224066387,0.34255424879907237,0.33628023352793995,0.34211834908005967,0.33920851346857334,0.34181818181818185,0.34805364736669936,0.492145178764897,0.4897959183673469,0.4874385581649372,0.4889801505817934,0.4830997526793075,0.4760466712422786,0.47566826593557227,0.4742380757140905,0.49283202596700026,0.4890520875832994,0.4895238095238096,0.4870395634379263,0.4830705962988349,0.47809419496166483,0.48016359918200413,0.47585458491589794,0.49199457259158746,0.48933568808585787,0.4918566775244299,0.4871130505932087,0.48273972602739734,0.47757909215955985,0.4735330324169061,0.4757769032433166,0.49062245175319386,0.48876174908050674,0.4892750475156123,0.4837959797620675,0.48205268186160777,0.47340206185567,0.47036432843936926,0.4711434735706581,0.49245411284840246,0.48966829798803707,0.48695652173913045,0.4796169630642955,0.4812440321920611,0.4684512428298279,0.47203458524723046,0.4698489102821232,0.4926081649260816,0.48842277308635246,0.4863685932388222,0.47685565598466173,0.47966263093456674,0.4699823824366445,0.4661774516344229,0.46092609791694306,0.49020141535111594,0.48518771331058014,0.48645690834473326,0.48086386003280474,0.4769840185766972,0.4629056146492527,0.4622151139544183,0.4610142838422225
0.34338051623646965,0.3375188347564039,0.32164737916950303,0.33086751849361135,0.32331081081081076,0.3259259259259259,0.3285881761848936,0.3403271105237073,0.49127516778523483,0.4919540229885057,0.4901934262139862,0.4904691090982831,0.4868883482022167,0.4809646389378133,0.478637101135749,0.477061751648056,0.49392928619079385,0.49273803119956966,0.49092131809011436,0.48610736444564334,0.48695184288404625,0.48567970956030665,0.4788466720560495,0.47736736064472796,0.49294274300932095,0.49025144547532606,0.49212969191443573,0.487699959671999,0.48146650491980053,0.4797297297297297,0.4738901632708136,0.47496996395674806,0.4954104030863376,0.4883971937398813,0.4892066918510523,0.48853118712273635,0.4791694755291897,0.4775114462698626,0.47114093959731546,0.4722743102062684,0.4948013862969875,0.4893731503900996,0.48609431680773885,0.4799569545332257,0.4754584681769148,0.47829009275440254,0.469458522272606,0.46534391534391534,0.49150046847811546,0.4885660478880818,0.48537144398004584,0.47616468039003246,0.4774072081764389,0.4696584058941728,0.46706428098078195,0.47127937336814624,0.4871037076840408,0.4886378916229662,0.48130081300813005,0.4737905942595338,0.4710135225599143,0.4699759807846277,0.4634017904160084,0.46750879020705827
0.33761896810819836,0.3341721187720181,0.32907133243606995,0.33444928021426185,0.330188679245283,0.32787991229549673,0.3350558426404401,0.3404466501240695,0.48977380468644177,0.48827059465357336,0.4860220919132688,0.48446019629225734,0.4846248462484625,0.4825986078886311,0.48266485384092456,0.480217539089055,0.490815775256618,0.4871899145994307,0.48739953684784093,0.48520228074938915,0.48319041785762895,0.48105750885799936,0.48399348887683125,0.47857917570498915,0.4877254848772549,0.48583106267029974,0.48498845265588925,0.4835853425963766,0.48230811105062604,0.48136054421768704,0.473121191604604,0.4756595050312755,0.48806294085729796,0.48560564910374804,0.4807744750477229,0.48127468337191887,0.47836177474402725,0.47589212748569876,0.4703969651808698,0.4676939713436064,0.49007159259759553,0.48457670879195547,0.4825146278405225,0.4776974491883781,0.4724152022885166,0.4750613246116108,0.4712659075686537,0.465998663994656,0.48783802147030847,0.48029455884358385,0.4782608695652174,0.476929358922009,0.4724795640326976,0.4627171979750992,0.46732461989863966,0.4652082235108065,0.4867064568638089,0.48108181942357603,0.47983595352016406,0.47666984083798114,0.4705564559697461,0.4670448406266882,0.46390250364286656,0.45702306079664573
0.33986060404912044,0.3329986613119143,0.329288843950118,0.32637251599865275,0.3314898609016256,0.33843594009983363,0.3462362049085818,0.35509138381201044,0.4868115347820145,0.48639037067432633,0.48562037797863594,0.4854635216675809,0.4878315559201531,0.48301268931641417,0.48136054421768704,0.4790500887129793,0.4882961350027218,0.4907457811649428,0.4878315559201531,0.48510638297872344,0.4839682104686215,0.47924631348989627,0.4782490483958673,0.4779670181130035,0.4913326110509209,0.49019607843137253,0.48562037797863594,0.4836155106499181,0.4778858003560181,0.48239292997960576,0.47454396950721484,0.4755998921542195,0.4907908992416035,0.4864791040699263,0.48738579026319373,0.48358862144420134,0.4801206471072115,0.4816071670965115,0.4788466720560495,0.47166799680766164,0.4889675837646418,0.48717248908296945,0.4834924965893588,0.4793659469800492,0.47550156953732764,0.46941255908170154,0.47118871725990596,0.46937151949085126,0.492128121606949,0.487665258279951,0.48457670879195547,0.4753852447838538,0.47670639219934996,0.47087313332436437,0.46679920477137177,0.46500655307994754,0.48636859323882226,0.4878647395691301,0.4837045084193374,0.47856755290287584,0.47140522875816987,0.46957689724647417,0.46503035101609924,0.4653209109730849
0.3400823045267489,0.33077948034643573,0.3311125916055963,0.31841971973662,0.3166441136671177,0.32430613961312027,0.33504556752278375,0.3432614777028139,0.4799565158309553,0.4838841289269685,0.4818293180890159,0.48535791757049895,0.4813761343627252,0.4786556443962596,0.4802275189599133,0.4730774447307745,0.4885598923283984,0.48663246016743184,0.48484848484848486,0.4793276399620442,0.4779720753693913,0.47726966140563876,0.4765625,0.4719405003380663,0.48648648648648657,0.48379661016949144,0.48322510822510817,0.47532537960954446,0.47639659137021506,0.47261388286334055,0.4691391445587439,0.4645022228209619,0.4877259239277043,0.4840764331210191,0.4835909953892053,0.47621636314215815,0.46906160360606475,0.4736842105263158,0.4649664429530201,0.4612074761328493,0.48185265438786573,0.4853817000541418,0.47504069451980463,0.4713169943441961,0.4681081081081081,0.4618279569892473,0.4661050942639391,0.46186440677966106,0.48441505869653223,0.4842162308630267,0.47722342733188716,0.47792628594572695,0.46460296096904447,0.46281879194630876,0.456686626746507,0.4577836411609499,0.4818624796968057,0.483739837398374,0.4743468255042642,0.4682002706359946,0.4640496425198975,0.46305681515070685,0.45141727092946604,0.4599483204134367
0.3341662502082292,0.33521970705725695,0.32842316705724806,0.32752846617548564,0.32254802831142565,0.33054812834224595,0.3378602186154356,0.345370978332239,0.48529612912050335,0.489283276450512,0.4869446343130554,0.4865826944140197,0.4832601536772777,0.4871270944013077,0.48161263960773626,0.4806434023991276,0.4924283396430503,0.48980146858852325,0.4939073923639317,0.4875649084449303,0.4842595127292637,0.4857298178852949,0.4808683853459973,0.47863945578231293,0.4917366567325928,0.49143789073117705,0.4894457306278088,0.48791148750170743,0.4868780754510661,0.480881752619404,0.4779959377115775,0.4741460780342919,0.49181658325442984,0.49013471220574234,0.4871864776444929,0.4843856538933588,0.4802514691813584,0.4757360959651036,0.4835521862731826,0.47735191637630664,0.49261617666982793,0.48997408266266534,0.4867364984355869,0.4824945295404814,0.48364231188658663,0.4718520533043242,0.47511737089201883,0.4718412994275063,0.48904016337644657,0.4871724890829694,0.4881291547958214,0.480197341373167,0.47274719254998626,0.4748085449415559,0.4713983050847458,0.46534914361001317,0.4900949796472185,0.4832673132085781,0.48591261739485503,0.4797821647379169,0.47417649450996335,0.4727126805778491,0.47133087848500793,0.4679470542434467
0.3545128706419029,0.33945409429280393,0.3357688475589505,0.34138273238504796,0.33172517052071204,0.33471142715396063,0.333223249669749,0.33677991137370755,0.48372599754868584,0.48650122716116717,0.48360655737704916,0.48055859802847756,0.48108181942357603,0.47619047619047616,0.47261774370208104,0.46307713385395255,0.49037296351151205,0.49209138840070304,0.4859863945578231,0.48136054421768704,0.4763333788023461,0.47522860652381604,0.4683994528043776,0.46343805734668675,0.488120950323974,0.48841934173100365,0.48560564910374804,0.4820526818616078,0.47762419597646094,0.46984821550663197,0.4657384657384657,0.4628844839371155,0.48680828034095525,0.48847926267281105,0.4829181979039064,0.48292749285811454,0.4711669855151681,0.46767801011343446,0.47031527228060593,0.45692579025912355,0.48881100026961444,0.48502994011976047,0.4794875289627914,0.4772820302906262,0.46743295019157083,0.468677494199536,0.4646573861332613,0.45503069121964235,0.4846517917511833,0.48579929672707606,0.47842069434989787,0.4770068027210884,0.46843899113837756,0.46318354087709795,0.45237456399248727,0.452481520591341,0.48332881539712663,0.48013109381401065,0.47738419618528605,0.4713393099701168,0.4600656455142232,0.4558665231431647,0.45208779443254815,0.45034672249116836
0.35163398692810455,0.3408827905438916,0.3402846739490235,0.32707145253270714,0.3325542570951586,0.32999666332999666,0.33520290333223357,0.33530766699572223,0.47788814804735336,0.4820846905537459,0.4854368932038835,0.4838274932614556,0.48279584401565245,0.4788313269308806,0.4773862562440935,0.47176169295053244,0.489795918367347,0.48541329011345213,0.4842530282637954,0.484717921098694,0.4836847052504364,0.4818952752725804,0.48018272202069057,0.4800428609697295,0.4877005347593583,0.48758099352051837,0.48541078391824666,0.48091397849462364,0.48208995421492057,0.47793819997301307,0.4713169943441961,0.4746623880197887,0.48501142626697136,0.4852583175547741,0.4849791189546006,0.4826379542395693,0.47598488936859157,0.4725050916496945,0.4751440439501541,0.4647680171145875,0.4858908895458211,0.4822273280172996,0.4835579514824798,0.4781199351701783,0.47504396050317865,0.4676898222940227,0.4679436020218143,0.4733509234828496,0.4856144124764722,0.48415922014622265,0.48031283710895367,0.4757530730784817,0.4703818647955741,0.47183476394849794,0.4699960259637038,0.463881296368606,0.48462880923613905,0.4827120475418692,0.4837797819356575,0.47693342299932745,0.4679875994069282,0.46695095948827287,0.46642085857255733,0.4618793170858856
0.3374417055296469,0.33171059258015784,0.3348401138456387,0.32740815981039445,0.3310901749663526,0.33600802407221664,0.33076407506702415,0.3362684831367337,0.4809075816270061,0.4829875518672199,0.48406237063612534,0.4828349944629014,0.4798890429958391,0.474792243767313,0.47197558268590456,0.468185607113087,0.48451479697178246,0.48423082220079877,0.48593491450634313,0.48473967684021546,0.4803867403314917,0.4761249483968626,0.47223376263675393,0.4735176778098776,0.48826677645121447,0.4869852637377771,0.48321591380024875,0.4826729255833218,0.47535991140642303,0.4741189427312775,0.46462978254885773,0.4648275862068965,0.48336783988957893,0.48556502612042896,0.4803529573969391,0.4814457166505724,0.47423532653623585,0.466381333701505,0.4635488308115543,0.46531949754232654,0.48765093304061474,0.4850241545893719,0.48170142245546194,0.48424817719081037,0.46748584840535695,0.46431523835767435,0.4634746922024624,0.4561595192570336,0.48604810996563574,0.48383531362254767,0.48218724109362043,0.46902286902286905,0.4694073972226041,0.4689428218839984,0.45738442656484385,0.4597054886211513,0.48659793814432983,0.47848346478483467,0.4770870829295307,0.4737933895726732,0.4661633493479753,0.45992366412213737,0.45883614910163584,0.4597395694924263
0.3316766070245196,0.32773249043420394,0.3314550878355983,0.3297942932979429,0.3305675406571523,0.33002317113538565,0.33514582303509644,0.3447826794725704,0.4788540245566167,0.4811989100817439,0.48397609994568164,0.4840642876600381,0.47603441212617775,0.4760082023239918,0.47543668122270744,0.4758929784055412,0.48721399730820997,0.48296457173883534,0.48505342891924785,0.4838053936847812,0.47666984083798114,0.4770442814452594,0.47798913043478264,0.4758173466630641,0.4848893685914732,0.48314150304671627,0.48477466504263095,0.48172802608341253,0.4798474945533769,0.4777852802160702,0.47189489367465803,0.4719676549865229,0.48647193431148206,0.48272123593982924,0.48272123593982924,0.48095431747322764,0.4767567567567567,0.4727124626663047,0.46976051955080506,0.46866192457388267,0.48176765622881934,0.48318872017353576,0.47878541412498304,0.4754808994852343,0.4733840304182509,0.47189189189189185,0.4604161037557417,0.4667284032279402,0.479934924078091,0.4798698657991053,0.47878541412498304,0.4750202538482312,0.4778451178451179,0.4651915812196438,0.4669312169312169,0.4666754305245169,0.48373599676069645,0.4803576266594419,0.4728312678741659,0.47447528774542996,0.4673326133909287,0.4654731457800511,0.45517241379310347,0.45184799583550234
0.342809642560266,0.33114809211632207,0.3252032520325204,0.3310321602963462,0.3265237210872868,0.3311502938706969,0.3382011284434119,0.3409618573797678,0.4878312601406166,0.48542631435576133,0.48561346362649294,0.4840677966101694,0.4840989399293286,0.48282416836388314,0.47730361511280234,0.4768104149715216,0.4885826239697338,0.4881081081081082,0.48802921682672795,0.48331071913161466,0.4799347027615291,0.47726653961339505,0.47239597497960295,0.4745533297238765,0.48960863697705803,0.48829974300013523,0.4858343500067778,0.4860418071476737,0.48272123593982924,0.477263472241075,0.47522063815342835,0.4728400053915622,0.48876252369347417,0.4867352463454251,0.4839626471782379,0.48378781712115043,0.48016249153689916,0.4751082251082251,0.4713822894168466,0.4679816265874088,0.4855397148676171,0.4852601548702622,0.48216716580451946,0.48245852597226,0.4770216828037638,0.468321801655135,0.4667296531245782,0.46423787838199837,0.48306813545491634,0.4853999728371588,0.48339433374000274,0.4791525193535244,0.4744059742023082,0.46870332654446706,0.46256506072334186,0.4567364677992888,0.48416474106293333,0.48451928299837044,0.47712418300653586,0.48045602605863197,0.46727961060032447,0.46963780799784577,0.46580799362634445,0.45269114357152257
0.33399999999999996,0.33936576456915163,0.3325526932084309,0.3216571236106433,0.3278468256634195,0.32887700534759357,0.3325573661456601,0.335254404742302,0.5032258064516129,0.49979759816489,0.4977741804937272,0.49925905967937495,0.4937669376693767,0.49339088211491766,0.4934820588630561,0.48732734343569806,0.5040106951871658,0.4997979253671022,0.4989879908244501,0.49535603715170284,0.4978471474703982,0.49234076861058856,0.49093594736135354,0.48641413465399547,0.5012739707657234,0.4973002159827214,0.4967056608847653,0.49185623906313103,0.4895917815625844,0.4861803963866793,0.48751168692400154,0.4836985569214324,0.5012760241773002,0.49811625403659854,0.494073275862069,0.490301724137931,0.48966997585189154,0.48597626752966566,0.4789374832304803,0.479183240519756,0.498990170997711,0.49534852366185794,0.4956919763058697,0.4873836189448118,0.48581035642232684,0.48102618920363444,0.473361747469366,0.4780089544377139,0.49723905723905726,0.49494813417755623,0.49369127516778516,0.48330640818524506,0.47918618658814083,0.47838769557146643,0.47122066343254226,0.4637265135699373,0.4971736204576044,0.4926361302526686,0.48617886178861786,0.48082395988616344,0.4727813048764015,0.46951219512195125,0.46504279131007237,0.46710441611947984
0.3241970741550361,0.32390572390572386,0.3204868154158216,0.30500342700479777,0.31193597820534646,0.3199324324324324,0.327753598928691,0.3326126725428239,0.47096327096327095,0.47578070784177656,0.47815265486725655,0.47517632415986727,0.47587446426102586,0.4714325144907535,0.46914262046113486,0.4729023383768914,0.4804821257362006,0.4763883118681623,0.4783686966106366,0.4763215859030837,0.4755341144038594,0.47235213204951865,0.4713148503980236,0.4633608815426997,0.4793502202643172,0.4793160507446221,0.47949353151665286,0.4746931457729968,0.47060443342971225,0.46966785616250345,0.46804434104283565,0.46581660336408026,0.477122381477398,0.47883050613708456,0.47865601762599835,0.47169031547045054,0.46672190002761677,0.46346497867070313,0.4621295279912184,0.46225003400897835,0.4771097628240486,0.4750862663906142,0.47412122889565456,0.469447138700291,0.46153846153846156,0.46115906288532676,0.4650088327218372,0.45293241229852366,0.47718814610613375,0.4796691936595452,0.4743660418963616,0.46694329183955746,0.45812534664448146,0.46384311589268695,0.4615176151761518,0.45475023188021735,0.4773197297669929,0.47527207604353217,0.47040971168437024,0.46735679779158035,0.4597448909614593,0.4607896160086533,0.4590294351630867,0.4514851485148515
0.3541260558804418,0.3387309980171844,0.3401157981803143,0.3308945793149318,0.33355437665782495,0.3311192294918631,0.33366402116402116,0.3397898883782009,0.48884079534694985,0.4879108937788645,0.48647914118766133,0.48347446052990983,0.48420479302832253,0.479651558459235,0.47418738049713194,0.47174447174447176,0.48960302457466925,0.4873289063558748,0.4870648787755655,0.484725050916497,0.4807613868116927,0.47786405121917996,0.4724839546633894,0.4675925925925925,0.48894878706199457,0.4870858688302908,0.4847333423802416,0.48169819022996324,0.47673625324055124,0.4730563554092965,0.4690518296830363,0.46616746085772637,0.48668379072597007,0.4837702023631672,0.4826836887138395,0.482009504412763,0.4749693084163143,0.4733614933914702,0.46365743897449885,0.45612605270306983,0.4841561267509859,0.4809919607575964,0.47666984083798114,0.47679782903663503,0.4657534246575343,0.4677242888402625,0.46356001083717147,0.45633423180592997,0.48216716580451946,0.4801527758832355,0.47509892209032617,0.4681724845995893,0.47393493943106024,0.46185175128970946,0.4600562023283822,0.46178386282068323,0.479399727148704,0.4799565158309553,0.4756873899498848,0.47365562194459526,0.46430028559771525,0.45960211124644745,0.4617026954897251,0.45630941528844904
0.3453920445244721,0.3381164440046182,0.3374648818377128,0.3267211201866978,0.3235195717631315,0.3189669629381184,0.33261696148123654,0.34055118110236215,0.49187810444354946,0.4920549420953406,0.4925312878482035,0.49319865319865325,0.4888588791357191,0.4874813912572743,0.4843497031840259,0.4805159903251814,0.4980710389783158,0.4929634097305991,0.49302200751476116,0.49091643116673395,0.48944466854914614,0.48210922787193977,0.48539507336115223,0.4829438624764975,0.4972742986305012,0.4931580359538503,0.4915254237288136,0.4887693342299933,0.48541078391824666,0.4820347194186516,0.48018333782690753,0.4740303314991276,0.49485362919395803,0.4937115333154937,0.48547100959589135,0.48636302566169554,0.4823228928619438,0.4767785234899328,0.47737403755234364,0.472980203317282,0.4941113490364026,0.48784419073203494,0.4851178451178451,0.4815764610608719,0.4803223640026864,0.4754473294766582,0.46606879935751566,0.4638297872340426,0.49277301927194855,0.4858027183420805,0.48209701391703824,0.4787018255578093,0.4728692608051703,0.47293676312968924,0.46770128664279087,0.4636886102403344,0.49513657561625585,0.4873137333870318,0.4828887092427917,0.4818855218855219,0.4781090518399141,0.4709356960665862,0.46357967361018976,0.4695224537336612
0.3315508021390374,0.33814980900182695,0.32767602083683417,0.33047858942065494,0.33126986782666884,0.34244985910823805,0.34852723383248313,0.3577579203899269,0.48548740416210295,0.4862196626902509,0.48550328227571116,0.4876180051990696,0.4829475414326805,0.48080363286087796,0.47714481811942344,0.47663423324653964,0.4892633867898885,0.4882104402344283,0.48689956331877726,0.48554282596835796,0.4872389791183295,0.48239148239148244,0.4818095108325385,0.47729127005711175,0.4877849051453528,0.48787796240806314,0.4873606958412612,0.4853362433501569,0.48097121811485477,0.48038408779149516,0.47745285597157694,0.47582938388625584,0.48731241473397,0.48633879781420764,0.4851296043656208,0.4848153214774283,0.4798034934497816,0.4793793385055124,0.4786255411255411,0.4707310493660642,0.4867220482091788,0.48356164383561645,0.48152203668217897,0.4797806716929403,0.475576289791438,0.47731274549641073,0.4746861077359254,0.4634571543516159,0.4839458942478481,0.48723200873958766,0.48160809517297964,0.47866975603107537,0.47313880556313065,0.46688382193268185,0.46647074539139727,0.46129458388375166,0.48529411764705876,0.487671979294374,0.47898124058606045,0.47446547732534383,0.4720750101916022,0.47299465240641714,0.46908033826638473,0.4570902878170588
0.3440359341207786,0.34721991701244814,0.3420657433672618,0.34527578736877185,0.3393634840871022,0.34219269102990035,0.3428950422815454,0.3501144164759725,0.496505376344086,0.492190683145457,0.49235349844363246,0.4934219449342195,0.48948011402199,0.4868242325455039,0.4851431658562939,0.48020537765166865,0.49846071476375314,0.4948704103671706,0.4937474788221057,0.4923035376721577,0.4873220338983051,0.49063216066855364,0.48482395791177657,0.4854682454251884,0.49765760942310266,0.49649973074851916,0.49454251448591835,0.49026500811249324,0.48615052019997296,0.4850283247909361,0.4820318832747906,0.4749091887528588,0.49886500200293765,0.4940572663425176,0.4909581646423752,0.4845683208701564,0.4844703648447036,0.48618784530386744,0.4809921811809113,0.4699117411072479,0.4936776970675276,0.4932468935710427,0.487950176008665,0.48376623376623373,0.4807274701411509,0.4765877287405813,0.4771855574659436,0.4673293571901922,0.4944092684898289,0.4931765977570598,0.49190938511326854,0.48659626320064986,0.47687314038409523,0.4786210582576163,0.4734565473849784,0.47094162204518747,0.49610947142473844,0.49059667162765536,0.4835610878094981,0.4852423503926348,0.4741624847416248,0.47579896565442253,0.4655581947743468,0.46913580246913583
0.34448818897637795,0.33976579251195776,0.3325581395348838,0.3224722875377897,0.33105289504421825,0.3354283824015878,0.3476837452938288,0.35303670022734657,0.47653131452167935,0.47914379802414936,0.4784098697738177,0.4786066922654964,0.4803171131765993,0.4769357495881384,0.4739931740614335,0.47095718571038997,0.48664044486640434,0.4813096862210096,0.4801527758832355,0.48152692569870476,0.4811127778535389,0.47550156953732764,0.47458548518619187,0.4720293997550021,0.4824202780049059,0.48318126106495984,0.47813649366571304,0.48026136673019326,0.47817785051827605,0.4749455337690632,0.4707642099537666,0.4680212736942589,0.4858925664677157,0.484725050916497,0.4792375765827094,0.4772293427870194,0.47599563557010366,0.47192839707078926,0.47015834348355673,0.4670078103959063,0.48186528497409326,0.48226179149109694,0.4773718647764449,0.4713165497317375,0.4675894203097163,0.4660326086956521,0.46257585974376264,0.4637603637336186,0.4814260443597768,0.48038147138964576,0.47890008167710324,0.47353303241690603,0.4674120534496864,0.4691891891891892,0.4586004273504274,0.4578856612282796,0.483480625424881,0.47990189399100697,0.4746362029103768,0.46909190371991244,0.4677836806974527,0.4624463519313305,0.4584162355750099,0.45764260540399426
0.3346058091286307,0.3338325844566483,0.33082706766917297,0.3250966548999832,0.3208214105369467,0.3325565912117177,0.34102141680395387,0.339635048495808,0.48514185827618667,0.4838622186059126,0.4835610878094981,0.4835402050728549,0.4827120475418692,0.48187575798409915,0.4806368911078127,0.4795368874528811,0.4880792927939994,0.4844955991875423,0.4848648648648649,0.48257227776276684,0.48475856487725927,0.48019467351629036,0.47843137254901963,0.47803305118903666,0.48869262678977643,0.4826092840709162,0.4834481826780165,0.4825070917195731,0.4842784197796291,0.48020468623754375,0.4817007534983853,0.4721064659228391,0.4876543209876544,0.4862385321100917,0.48748991121872487,0.4821984567483417,0.47940580688723833,0.47881640887693344,0.47463572584997293,0.4664528201015771,0.4863050483351235,0.48409367808311904,0.48400593872317454,0.4790483914571505,0.47480463486930746,0.47532188841201717,0.46791946308724836,0.47250132205182444,0.4867554121285465,0.4844552581778859,0.48057204533189424,0.4774106540795684,0.4741764945099634,0.4733979036752023,0.4748485646563076,0.45861887190300477,0.48575268817204303,0.48261869335858243,0.4773651396042288,0.47800784950602254,0.478669170914945,0.47128129602356406,0.4702186150019636,0.4647281262224541
0.3362270450751252,0.3358931552587646,0.3324378777703156,0.31991849210392254,0.31788079470198677,0.32033898305084746,0.32564404781949824,0.3256126216851292,0.4806607019958706,0.48718300205620285,0.48316613989281304,0.47970173985086995,0.47667820069204153,0.4765452538631347,0.47575882433731637,0.47016870113838977,0.48594048594048583,0.4888767571993995,0.48888888888888893,0.48297638660076886,0.478099684196073,0.4746276889134032,0.4692170574523516,0.46730245231607626,0.48537052228602684,0.4884767489431338,0.48353150198168654,0.4816080951729797,0.4758904109589042,0.46879296123178443,0.4690071311025782,0.46208304969366915,0.48910675381263613,0.48819757129212715,0.4854263143557614,0.48136518771331055,0.4770264709916335,0.464759819351307,0.46489563567362424,0.4659352566707301,0.4861319852438859,0.48908296943231444,0.48146628368212285,0.47800989554700385,0.4687800192122959,0.462402410628681,0.46352047735286145,0.45785723887619306,0.48737890571701453,0.48717248908296945,0.4811641506867945,0.47543233598682405,0.4663825106558505,0.4631893507199131,0.4600026620524424,0.46020031628887714,0.4868995633187773,0.48350444900752904,0.47566826593557227,0.47944459569833925,0.46212534059945504,0.4587823275862069,0.4530254777070064,0.4578759423356699
0.34564643799472294,0.339196813806837,0.3349457881567973,0.3265031911320121,0.3326090590005014,0.33549891720806263,0.34354413702239794,0.3584229390681004,0.49505487061373804,0.49422318879978244,0.49444293846570897,0.4918032786885245,0.4910665944775311,0.4915139171758316,0.4890639858714849,0.4835463693228176,0.5015396974159861,0.4975016880486158,0.49635824116536287,0.4940002696508023,0.4929063640048642,0.4904536222071768,0.4849140846976053,0.4827305973181634,0.4993263271355431,0.49674972914409526,0.4939905469277515,0.4884067796610169,0.49134199134199136,0.48992834933080986,0.4869989165763814,0.48310219469503163,0.4995957962813257,0.49756361667569027,0.49581420469889276,0.49186109603906675,0.49221605523216455,0.48380539368478115,0.48134581467914805,0.4787976382179281,0.4995302643940411,0.4934888768312533,0.49194966851576233,0.48995656894679696,0.48509485094850946,0.47913571910871033,0.469263129325553,0.46943436786242104,0.49548456665318774,0.496275226872545,0.48957487137828326,0.49058648245970465,0.4806727248067273,0.48162060638583304,0.4754876120189774,0.46605263157894733,0.49655545049304334,0.4921949233066377,0.4871029052402932,0.4819374915437694,0.4798598949211909,0.4747175901022055,0.4747112704101951,0.46593578700078314
0.3528452633295288,0.32885455156197513,0.3157894736842105,0.3140326975476839,0.3234946871310508,0.34115702479338844,0.34099113882507387,0.34659276165634173,0.49052488070892974,0.4884325804243668,0.4883720930232559,0.4867753871454022,0.48369789517127526,0.48322147651006714,0.4784217016029592,0.4734180675140085,0.4924078091106291,0.4905917643850558,0.4890770070999454,0.4886037941858879,0.48538650641901115,0.4796491708921475,0.47620350109409193,0.47399945548597877,0.49163834126444594,0.48827699018538717,0.48712709440130775,0.4843686006825939,0.4804804804804805,0.47374948325754446,0.47560643227037336,0.47268279423756454,0.490174672489083,0.4871514488791689,0.4840520191649555,0.48282468865471473,0.47536709208178946,0.4716826265389876,0.4605729877216917,0.45921696574225124,0.49060201579950957,0.48516340763024757,0.48517006802721085,0.47766511372978904,0.4710732444688745,0.47228260869565214,0.465109964702688,0.4657169484755692,0.49082755809213213,0.48676671214188266,0.48192113521626406,0.47280219780219784,0.472053051833807,0.4634246015529219,0.45792772369649287,0.4527303979902156,0.48129368233520625,0.4844281245750035,0.4834682398134175,0.47200547570157425,0.4712941497340788,0.4721735615146207,0.45926910299003315,0.45594221930400525
0.35309531608254174,0.3336116213057272,0.31788079470198677,0.32624831309041835,0.3261600537995965,0.33687002652519893,0.3395417834184935,0.3379911228012494,0.48057986870897157,0.48076659822039697,0.4833787465940055,0.4799012210179723,0.4728682170542635,0.4714502972487212,0.47213834751578365,0.4729064039408867,0.4831629175187458,0.4837653478854025,0.4825897714907509,0.48179959100204506,0.4767505470459519,0.46875427321208807,0.4724602203182374,0.46749352596429056,0.48347446052990983,0.4846174789000816,0.4842878519929261,0.4783442982456141,0.47955136096293255,0.4646768893756846,0.46361774744027306,0.46343445287107254,0.4831720942907753,0.48188504494688095,0.482016348773842,0.4787845606350944,0.4696635410921125,0.4702194357366771,0.46597430992074346,0.4661916924317785,0.4806456025167556,0.4814309120699072,0.47958486958896623,0.4755110440389628,0.469574729932996,0.46421768707482997,0.45802149952374477,0.452794864937149,0.4831537307325058,0.4790190735694823,0.47493188010899184,0.47415914684167343,0.46774412603558324,0.4673678532901834,0.4593147751605996,0.4479345387356473,0.48258029395753943,0.4784270890223921,0.47520435967302455,0.469543840480743,0.4650468304601602,0.4566950412106472,0.45450901803607213,0.44870438921205713
0.3377821716922063,0.33371996685998345,0.3198114795488975,0.3197175995965708,0.3276439089692102,0.32797319932998326,0.334664005322688,0.3351512146752603,0.4871553463349025,0.4874678227882401,0.486735246345425,0.4859231185706551,0.48306813545491634,0.4821235102925243,0.4817972662065232,0.47594594594594597,0.4881720430107527,0.4903625825582963,0.4871794871794871,0.48259109311740894,0.4858343500067779,0.48130651909839384,0.4820347194186516,0.4784419073203492,0.4897356769086274,0.4881995954146999,0.48654496281271126,0.485625590498043,0.47992429363255373,0.4770146024878313,0.4725006773232186,0.4725319006044325,0.4900040252247417,0.4848075624577988,0.4851672060409924,0.481276193051237,0.4801619433198381,0.4799891833423472,0.47504720798489347,0.4695089044792229,0.4903884930770265,0.48725899959552377,0.4824608742579601,0.48018395779791695,0.474424898511502,0.4727125724295917,0.47065144392209535,0.4670388091440723,0.48792335717177165,0.4836530667387193,0.4844234659474039,0.4836847052504364,0.4701897018970189,0.47142857142857136,0.45919593962868976,0.4597761685319289,0.48945601074546674,0.4839886501824078,0.48024807873803427,0.4774072081764389,0.47103513770180433,0.46839157108562285,0.4615993665874902,0.45566309181271253
0.34388394329047145,0.3382572614107884,0.33510815307820296,0.3342766772099217,0.33455028211085297,0.3334437086092715,0.33930626335689623,0.3387175721977484,0.4844737195859659,0.48827809215844786,0.48741757502355004,0.4863922777852259,0.48613158247353616,0.48030018761726084,0.4784355746048754,0.4750835003340013,0.49267252864375166,0.49028801071667794,0.4861464328737786,0.48660178642847624,0.48607594936708864,0.47764800644381794,0.4743949725899185,0.47257158148247264,0.4942681951479606,0.48976314733038945,0.4859287054409005,0.48471907113305746,0.47914151576123404,0.47662302965535663,0.47387411465989576,0.4704308268664704,0.49089935760171316,0.49023803155924045,0.4844420600858369,0.4823891790545065,0.4774124565624165,0.47519160951996775,0.4657241931181648,0.4726018309672284,0.4909698996655519,0.4847671453496175,0.47926763597199784,0.4776719860533727,0.4678504170029594,0.47577209797657083,0.46472698286169783,0.4638984395662523,0.49143468950749464,0.48626925653047554,0.48188891870136835,0.4756423982869379,0.47006711409395974,0.4710864099510388,0.4615997874036673,0.45850215658083915,0.48940734781442746,0.48146157979580867,0.4795164539959705,0.4737269772481039,0.46900631975258844,0.46762875678538324,0.46456177125638676,0.4552549427679501
0.3329413740970939,0.3365706630944407,0.33024118738404457,0.3262267343485618,0.3332211376640862,0.3326619671030547,0.33959753866622316,0.3531537450722733,0.4925024074838355,0.49265412604695874,0.48924434638720354,0.4886927744070601,0.48394241417497236,0.4789123196448391,0.4760978321289605,0.4746511949164249,0.49816650821675956,0.49253117719610795,0.4902445726848036,0.4866280672732285,0.4835589941972921,0.48178807947019864,0.4770818995182381,0.4808141933709256,0.49625289548984874,0.4930907100834588,0.48933535158937663,0.48279673898024045,0.47977839335180056,0.47779310344827586,0.4807349513231866,0.47306791569086654,0.4944679688567135,0.491655266757866,0.4864119188853635,0.4837016574585635,0.48234805482486504,0.47937077411342627,0.47658063635122216,0.47417327138562454,0.49039517014270034,0.48872387238723874,0.48410623365900646,0.4803758982863461,0.4799450549450549,0.47504444140571583,0.4693405846363018,0.46751145861418175,0.49205043859649134,0.4879989027568235,0.48389760528488845,0.4806843267108168,0.4746922024623803,0.4731947483588621,0.4724156400642743,0.4696367011402811,0.48909614593334244,0.488913372813662,0.4802103515084417,0.4801210620442977,0.47254255903349807,0.4665945361103598,0.461993016384636,0.4665523156089194
0.3442272951223518,0.3402640264026403,0.33444148936170215,0.32499580325667277,0.32713256242668004,0.3341090425531915,0.33564585398083907,0.34775510204081633,0.483408439164277,0.4838930774503084,0.4840921557871641,0.4835224941884315,0.4884667571234736,0.4840244731475188,0.48312322082147213,0.4820582261340555,0.4859940168615719,0.49048913043478254,0.4896851248642779,0.49005720512122036,0.4859737091746849,0.48582995951417,0.48392326398270735,0.47806067172264355,0.4894858228191562,0.48958475153165426,0.4909806049098061,0.48685992955838525,0.48555225492843646,0.4836142953472691,0.4823020805187787,0.4795918367346939,0.4926520156397465,0.4892575469132445,0.48988458927359135,0.4866920152091255,0.48428184281842823,0.4758938244853738,0.47907414883595745,0.4702724466514562,0.4830034129692833,0.4870677919956439,0.49088931193908075,0.4823833492041899,0.4847667834995956,0.480311786050262,0.4718678662548677,0.4717131474103586,0.48899157379722746,0.48680272108843536,0.48408687337795375,0.47988036976617726,0.4786672084518488,0.4686743748319441,0.4675220529270248,0.468302926893293,0.4938471940500338,0.4898236092265943,0.4818132464712269,0.4859486352023665,0.4748376623376624,0.4681022880215343,0.47376746638544687,0.4733082218469931
0.3578264395782644,0.3396288933068257,0.3301491536785654,0.33372228704784135,0.343570372803416,0.34739941118743867,0.35358936963215043,0.35046198735613554,0.4850136239782015,0.48103683492496585,0.48256130790190743,0.4809919607575964,0.48065618591934384,0.4770767756945395,0.4725034199726402,0.47563299754968696,0.4902860226659471,0.48445349626612355,0.48377901452422967,0.4848567160124948,0.48066448801742917,0.4782786327114258,0.4741003271537622,0.47657730842133766,0.48977380468644177,0.4863839588131689,0.48188504494688095,0.4821962489807013,0.4783319705641864,0.47560643227037336,0.46922342022655933,0.470204968100991,0.4906781950824101,0.4861054629253083,0.48274925292040205,0.4821015380427386,0.47486338797814204,0.47451193058568336,0.4703794703794704,0.46793158738642443,0.48870858688302904,0.4825526137135099,0.4815771583956493,0.48130081300813005,0.4714383094751193,0.4662593346911066,0.46484586262844785,0.4617231261669778,0.4887625236934742,0.4872766648619383,0.4796836651213526,0.4743309666848716,0.4716109752784569,0.4700013482540111,0.4634827723825994,0.4607024519549371,0.4886902343220913,0.48248602971241655,0.480677318039055,0.4769897130481862,0.46841962591488207,0.46990865126276193,0.45340788072417465,0.4601769911504425
0.34359913434326617,0.33635448136958707,0.3388637506284565,0.3243703199455412,0.32836831415030465,0.32990386237139485,0.34138218151540384,0.3464332892998679,0.4910457963089542,0.49458829976709145,0.4957592339261287,0.4971350613915416,0.49348511863941835,0.49348511863941835,0.48718300205620285,0.4861016020813365,0.49736308316430017,0.4965893587994543,0.494946735864518,0.49537289058247147,0.494865123921676,0.4921222085217153,0.48616059194299815,0.47796143250688705,0.495802870295153,0.4933752219642126,0.4981635151680043,0.4936553417928777,0.49528495284952856,0.49048857260161494,0.4838930774503084,0.47936810567887783,0.4935277285733752,0.4950684931506849,0.49400218102508175,0.48999177406087197,0.48811150587592245,0.48937908496732024,0.4762424904423812,0.4783728813559322,0.492710178498433,0.49390828199863107,0.4882127192982456,0.4884262429804136,0.48276812792941826,0.4816026165167621,0.4793633666037227,0.46822204344328233,0.49319542732716387,0.49108367626886146,0.48904807824769253,0.4829857299670691,0.4850380848748639,0.482258064516129,0.4725143085318781,0.4637643035643825,0.49275758403935505,0.4927536231884057,0.4899642562551553,0.48355263157894735,0.4760217983651226,0.47843031850557716,0.47043118408757173,0.4675154219713873
0.3405378650387725,0.3313866177206741,0.33021702838063444,0.325963149078727,0.3293763584684835,0.32567499580747944,0.32710903634544847,0.3295718552937272,0.47770961145194274,0.47585168969763303,0.4764254385964913,0.47953216374269003,0.4813153961136024,0.4787045856579126,0.4772015788757316,0.4761388286334056,0.4849385384303661,0.478976731528099,0.4836477133939476,0.4803469775006777,0.48299136069114473,0.4789950020262056,0.4751619870410367,0.4769230769230769,0.48488120950323976,0.479651558459235,0.4824311490978158,0.48137068262170246,0.47795509872869896,0.4746362029103768,0.4736485571060832,0.4702702702702703,0.48401950162513546,0.48023903300285214,0.48040146480401463,0.4819929596533983,0.47736849259208913,0.4705723905723906,0.46635198921105864,0.4702102021689651,0.4837486457204767,0.481823114487249,0.4787045856579126,0.47339049952361506,0.4720194647201946,0.4691859677637816,0.4657460785628101,0.4705727104776986,0.4821235102925243,0.4822059223037219,0.47370566653077867,0.4719162246702026,0.4679357364655057,0.46246973365617433,0.4647137150466045,0.4634497188439911,0.479934924078091,0.4775632308947511,0.47607395323545404,0.473591310251188,0.4720613976033392,0.465954606141522,0.4608626198083067,0.4591153694710592
0.3332776199231155,0.33361190038442257,0.34313237003819963,0.3348914858096828,0.35042030657656176,0.3455687830687831,0.3416087388282026,0.33592844127878085,0.4756549170209848,0.4847660500544069,0.4847581628505624,0.4816526229953792,0.48356743488340376,0.4813956658034619,0.4784324397877262,0.47231669160658407,0.4836831415030467,0.485112168592794,0.4861863488624052,0.48164264345934193,0.48521031207598364,0.4854737985338039,0.4802489177489177,0.47259902333152465,0.4826930908103706,0.4830219555434338,0.48525831755477417,0.48484848484848486,0.48199972829778565,0.47764034253092297,0.47321185749252104,0.4633582596872876,0.4859888994178963,0.48270226096431496,0.48381416768251384,0.47829045869062203,0.4762552728262348,0.4736842105263158,0.4729475100942126,0.4662162162162163,0.4812440321920611,0.48190137959295176,0.4829274928581146,0.4785645801944938,0.47218045112781953,0.4742128121606949,0.470020120724346,0.4562248995983936,0.4808058807514294,0.4815925824925007,0.4826370048833423,0.4715978749489171,0.4715800924666848,0.4679478564709045,0.4690735333156358,0.460578709848686,0.4841302274894429,0.48177366702937974,0.47965274009766684,0.47709664265325535,0.47282092991731056,0.4661735036987223,0.4660759158841423,0.4551616266944734
0.33553500660501984,0.3300132802124834,0.31947483588621445,0.3239885848581501,0.320983496126642,0.3242246437552389,0.33044925124792013,0.3364609053497943,0.49339800592832117,0.49218643837477916,0.4884641638225256,0.48835625766035684,0.4793659469800492,0.47870016384489356,0.47382769901853866,0.47702940777883174,0.4938205265986028,0.4921579232017306,0.4897460274344696,0.4892924911900245,0.4836210411852657,0.47880434782608694,0.4749762647497627,0.4762419006479482,0.49279267142664696,0.4935100054083288,0.4870297433111504,0.4860320043395715,0.48162819286982655,0.47884277409760717,0.4796758946657664,0.47415185783521807,0.4917723226328568,0.48846049416236753,0.48254228041462083,0.4821962489807013,0.4759044368600683,0.47631971773646353,0.4727566258576618,0.4720629417255634,0.4901987292145465,0.48936458474461464,0.4814058030241112,0.4807692307692308,0.4762936873476023,0.4762675296655879,0.46630872483221475,0.4612299465240642,0.48897903989181873,0.48921448921448923,0.48470906630581867,0.4797278911564625,0.4743502517349299,0.46779388083735907,0.47188621560547656,0.466151630221291,0.48950859618248277,0.4870508474576271,0.48386657590197407,0.4712298881919825,0.4734925131525698,0.4685622747296756,0.46730693329825024,0.4676240208877284
0.3579016179114234,0.3503048278134783,0.3454786353097052,0.33618233618233617,0.34183504471679366,0.3462234655257529,0.34155161078238,0.34111074597436736,0.49187872225230106,0.4898680810553515,0.49166553733568247,0.48851434008427347,0.4862596453228645,0.48202902482029025,0.48153177620858223,0.48027027027027025,0.49340511440107665,0.4945277665180381,0.4910955207771182,0.4904691090982831,0.48553663152203297,0.48490566037735855,0.47988117742371056,0.4801619433198381,0.49406688241639696,0.4918962722852513,0.4920334863624089,0.4854552834528481,0.48371467025572007,0.4758414766558089,0.479870741887707,0.47928121228376025,0.49169704333738357,0.4935309973045822,0.4875151842353895,0.48158640226628896,0.4762936873476023,0.47881241565452093,0.48262910798122066,0.47337916161207705,0.49094839232639825,0.4907694380811211,0.48657401160437186,0.48114224137931033,0.48062643445389497,0.474814314652262,0.4756814537680385,0.4642094017094017,0.49400673400673395,0.4865744507729861,0.48640646029609685,0.4797726965227981,0.47529030515798,0.47434007771673586,0.4693850444946209,0.4658761528326746,0.49179004037685065,0.48746968472109947,0.482009504412763,0.4781783681214422,0.47321668909825043,0.46392303580972744,0.4691455696202531,0.4685640362225097
0.3276006011020204,0.3179366149696561,0.31511254019292606,0.3108085106382979,0.3078498293515358,0.3136923856153976,0.32132685541966827,0.3303541873551804,0.48035174498488603,0.4806158922188617,0.48221886585198404,0.4813129223555372,0.48253185367858614,0.47717556199144945,0.4786184210526316,0.475576289791438,0.48246575342465753,0.4850307587149692,0.4838533114395184,0.4854953475643131,0.4843429509093396,0.4767537826685007,0.4766201804757999,0.4691832532601235,0.48213552361396306,0.48667850799289525,0.48594048594048583,0.484931506849315,0.48250410060142157,0.48120300751879697,0.47310061601642706,0.46888250581315827,0.48071379547014415,0.48399452804377563,0.4827114937816044,0.4796156485929993,0.4832196452933151,0.4743309666848716,0.4730858786467607,0.47152712024888416,0.48074551185418674,0.4833902939166098,0.48239148239148244,0.47462277091906724,0.4750821467688937,0.47249455337690627,0.4657980456026059,0.47030433033918756,0.4805034888493638,0.4811372334609076,0.48204987667854204,0.4780219780219781,0.47124709739106685,0.47440226935026336,0.4665314401622718,0.4598190526875997,0.4813141683778234,0.48613956028949884,0.4850889192886456,0.46985791143606015,0.478773904787739,0.46180931744312026,0.4622425629290618,0.46355876559422193
0.3356596876038551,0.33521970705725695,0.33260978460510937,0.31956668923493564,0.3233956543708944,0.32577665827036106,0.3350558426404401,0.3347127958947194,0.4880162491536899,0.4834473324213406,0.48057986870897157,0.48,0.4775219298245614,0.4753559693318729,0.47092704333516183,0.46699534374144075,0.4892183288409704,0.4854924397221087,0.48528610354223434,0.47942021058389167,0.4755360087960418,0.4742747673782157,0.4682953609662366,0.4661756683033279,0.4900323275862069,0.4852280462899933,0.4834834834834835,0.47773057420857884,0.474613384425893,0.4668960770818995,0.47396329027872197,0.46419820310372994,0.4860191814129406,0.48562474451560156,0.4791467250102557,0.4782906451171073,0.47228320526893525,0.4664096916299559,0.4663689267830559,0.45766156347378406,0.48789722785665995,0.48221343873517786,0.47958486958896623,0.47284695556774553,0.4725680667669996,0.4696455249219068,0.4592833876221499,0.46174460672651746,0.4864207539521686,0.4825136612021858,0.47781569965870313,0.4733662822624931,0.4651994497936726,0.4657200811359026,0.46307918280144206,0.46290173257505624,0.4850121523089387,0.4818454818454818,0.4764376451304466,0.4686558992608815,0.4657869677594885,0.46946462200699485,0.46180371352785143,0.45360554901190947
0.3423095985461755,0.3378737541528239,0.3356643356643357,0.3385330235645536,0.3413094051179794,0.3397542344735968,0.3373774306132624,0.34525968672712287,0.4849480021893815,0.4849726775956284,0.48426812585499324,0.48395941870030157,0.4837336993822924,0.48154753738510087,0.47962683495678415,0.4800981461286805,0.48919502971366835,0.48668478260869574,0.48803697661772694,0.4870818602121294,0.4841302274894429,0.4826928318342873,0.48051415287843563,0.47609942638623326,0.48948582281915615,0.4871411076336916,0.4878314072059824,0.488701334059352,0.48333333333333334,0.48546075085324225,0.4752178649237473,0.4733279176821013,0.49066810927779286,0.48776531026091663,0.4848732624693377,0.4830970556161395,0.475109409190372,0.4774579033134166,0.4829830508474576,0.470051034112275,0.48832156436719176,0.4888526373028821,0.48203017832647455,0.4855899945622621,0.47535596933187296,0.4778305084745763,0.473121191604604,0.47238449283058953,0.4908893119390808,0.4837742023452413,0.48681706985593903,0.4800218191735988,0.4810092240911557,0.4727762803234501,0.46770958684316083,0.46833773087071234,0.48948582281915615,0.48725984466548566,0.4832196452933151,0.47893810104293644,0.4790451647904516,0.4700026903416734,0.466482286316344,0.45758693361433084
0.3504918032786885,0.33920851346857334,0.33494740357321756,0.34167357083678546,0.3395225464190982,0.34639446822522224,0.34934640522875815,0.34747011626002944,0.4870270270270271,0.4897297297297297,0.48915401301518435,0.48834688346883465,0.48886474741988056,0.48849797023004066,0.4830865371552779,0.4733631557543716,0.4931726907630522,0.49049993262363567,0.4923035376721577,0.4872037914691943,0.4858266648582667,0.486362408857683,0.4821525148729043,0.4748993288590604,0.49329399141630903,0.4911808267133432,0.4885104082184374,0.48538409245411285,0.482580994984411,0.48397999188860347,0.4764227642276423,0.4762673120882077,0.4920890319120408,0.49124697010503643,0.48787098522835076,0.48497970230040593,0.47826086956521735,0.4769001490312965,0.47035094796288823,0.4690492245448415,0.49262536873156343,0.4880421564653425,0.48486493823808874,0.4803032354135644,0.47994579945799465,0.47347820218653,0.468937875751503,0.46186496882875716,0.49158249158249157,0.49084051724137934,0.4845192829983704,0.47841969963469083,0.47626774847870185,0.472453641494222,0.4698874917273329,0.4591070723034374,0.48735632183908045,0.4875541125541126,0.4838622186059126,0.478720520466251,0.4735489108375051,0.46647074539139727,0.4624687787564086,0.4561909758656873
0.3362481438706484,0.3351512146752603,0.33233830845771145,0.3318936877076412,0.3352140723531364,0.32989003665444844,0.33178346064430425,0.3373414593971339,0.4757865937072504,0.479300450881268,0.47949699289229086,0.47954016696318597,0.4811372334609076,0.47942021058389167,0.47521786492374724,0.47095718571038997,0.48399348887683125,0.4834148994018489,0.4809160305343511,0.48066675775379153,0.4804042059265328,0.47807137019885587,0.4748709589785384,0.4692098092643052,0.4853817000541418,0.48256130790190743,0.48103683492496585,0.48013109381401065,0.4759044368600683,0.4723206981183528,0.4702194357366771,0.468915075172694,0.4825146278405225,0.4807954235903024,0.47648988518316016,0.47928270615405516,0.4738352233911737,0.46874146874146877,0.46320639653069523,0.469699014711837,0.4830577392247222,0.4823449216087252,0.4766329598250888,0.47579983593109104,0.4746681116228665,0.4678140669467407,0.4675080558539205,0.46456588219651646,0.48184908225696804,0.4788732394366197,0.4771642808452625,0.47275204359673023,0.4700148910247733,0.4726636143280366,0.4656366542354822,0.4596191726854892,0.48112951398316595,0.4763208321927183,0.47638547638547635,0.4726482964571738,0.4664484451718494,0.47005589566143197,0.4668603115922894,0.46313576028387426
0.3414228723404255,0.3378491386519485,0.3424954189571881,0.3292806484295846,0.3311546840958606,0.32746183526253986,0.3343313373253493,0.3446689666502382,0.48297552304115954,0.4796479647964797,0.4828907747057214,0.481532147742818,0.48196721311475416,0.48371712767407005,0.48082395988616344,0.47811264148370386,0.48692589080070453,0.48357639362137117,0.4825327510917031,0.4823352885008866,0.48180336773492677,0.485523990757102,0.47670639219934996,0.4762033898305085,0.4873289063558748,0.48536817748740985,0.48141592920353976,0.48152692569870476,0.4793028322440087,0.4776486671223513,0.47562296858071507,0.4688644688644688,0.4863469637277543,0.4818815807466156,0.4812687995624828,0.47895382100531264,0.47569775357385974,0.4769544527532291,0.47117591467530723,0.4679929625118419,0.4858189713665354,0.48046981698989344,0.4791949959205874,0.47953056768558944,0.47679782903663503,0.4717338382472275,0.47185274754803164,0.4614974686917133,0.48527615687338854,0.4800327109172687,0.4797821647379169,0.47400736799017595,0.4698077443812619,0.46751849361129794,0.471643365866526,0.4582288504685232,0.4839857651245551,0.4810921501706485,0.47865812082367376,0.47094215780117593,0.4657980456026059,0.46983105390185037,0.46506087877183694,0.46033810143042914
0.3485600794438928,0.3438176069229489,0.34701678577364137,0.3537168287456733,0.3507093368525239,0.3507327515231352,0.35440550278414673,0.3607728527358337,0.4983862291554599,0.4983862291554599,0.4972449939524257,0.49805342999060287,0.4942126514131899,0.49370479507098847,0.4910822046399356,0.4879946344735077,0.5009988014382741,0.5010025397674107,0.49583221296047325,0.5003344481605352,0.49531709927749534,0.4914255091103966,0.48810478481689396,0.48868778280542985,0.5,0.4987270534637545,0.49832731165529237,0.49638166711337445,0.49113856068743295,0.4912421446717476,0.4891376782620285,0.48928523891920667,0.4997333333333333,0.5001338688085676,0.49510001342462084,0.49168008588298445,0.49168008588298445,0.4848403541722565,0.4819083355668722,0.485755929508414,0.4995994659546062,0.49779086892488955,0.49119505309853473,0.49201877934272303,0.48348106365834,0.4833933573429372,0.4824830158518716,0.47432827879755257,0.4955775931385687,0.49551359314316323,0.49343339587242024,0.48312945288345205,0.4791779340183883,0.47513664844687375,0.4755077658303465,0.4732623833924583,0.4932242050181135,0.4949725164231129,0.4946380697050938,0.483348936739334,0.4779283509995975,0.4810860682746804,0.46958573675930787,0.47566314705124907
0.3367686170212766,0.33372306664439616,0.3314917127071823,0.3261600537995965,0.3238512035010941,0.33055091819699495,0.3381211821033515,0.34748530372305686,0.49098360655737705,0.48912002189681125,0.48911406271395325,0.4883052933935166,0.48836259697835854,0.4909336941813261,0.4877785280216071,0.4875151842353895,0.4920742446822923,0.4914332336143596,0.4903964037597058,0.49322125813449025,0.4903103401544925,0.4890028336256916,0.4861952861952861,0.48739270386266087,0.4903313049357673,0.49190145637675237,0.4864052466183905,0.4831904178576289,0.4870550161812298,0.48875723710784974,0.47721757886222704,0.4759084791386272,0.49133730373578777,0.4876325088339223,0.48350149986364876,0.4816226517832834,0.4849715678310317,0.478727742286258,0.4802146210596915,0.47509680865269055,0.4903611186532718,0.4856247445156016,0.4858310626702997,0.4754366812227074,0.47515906321916884,0.4781317494600432,0.47248322147651006,0.4734478203434611,0.488353196099675,0.4820330646263151,0.477909998632198,0.483301656258485,0.47192531457177644,0.47189805499664655,0.4689875950380152,0.4693074501573977,0.4868456739896935,0.48391494002181035,0.47983595352016395,0.46942962659006976,0.4771038768067001,0.4685118331327717,0.47092794329964566,0.4619989588755856
0.3233672958075831,0.319073980875692,0.312711291413117,0.3089458496010864,0.31897711978465676,0.3184113093234602,0.3242337966839725,0.33949191685912244,0.4835224941884315,0.48435784851811203,0.48670868731159217,0.483177054605626,0.48743649594947136,0.48048545028271966,0.48117614729321245,0.47926645682222524,0.4893356880858579,0.48883442265795213,0.4870254028953837,0.4857731958762887,0.4855459652007124,0.4799780581459133,0.47624279044218626,0.4690544805818581,0.48821686418744054,0.48741794310722103,0.48759880076315065,0.48299506308283047,0.48148148148148145,0.47882691517061804,0.48186528497409326,0.4742098782323163,0.4876920984632123,0.48796498905908103,0.4855301056096557,0.48397699260476584,0.48150675583458435,0.47608666030794383,0.47708418332653335,0.4688774123403099,0.48752556237218814,0.4872110518396937,0.4838444687842278,0.47624264001095434,0.47765667574931875,0.47135664716287934,0.4633550488599348,0.46604813768992875,0.4890580399619411,0.4836278942320867,0.4818553888130968,0.47840349917987973,0.4782608695652174,0.47026880260657067,0.46447280053727324,0.4657353716394307,0.4889130730512855,0.4831261101243339,0.48167970358172085,0.4796392456955452,0.4683578832515003,0.46997178557033453,0.46630041538255396,0.4607932975520356
0.3496962731899524,0.3484549638395792,0.3494826736738381,0.34169852085757024,0.3404042091197595,0.33760186263096625,0.3501395959927738,0.3548387096774194,0.49196705818820025,0.4860449285228047,0.48989556489895564,0.48875033884521546,0.48826163658569677,0.4843134591878311,0.4873494790961981,0.4847829027458406,0.4941712448077182,0.48965237386717164,0.4910907127429806,0.4906169839341163,0.48726977248104014,0.48852901484480427,0.4824597047270757,0.47737403755234364,0.49382384532760476,0.48923785027751454,0.49188311688311687,0.48415922014622265,0.48594594594594603,0.48322510822510817,0.4790628786858758,0.4758042714247094,0.49301825993555315,0.48858262396973384,0.487970640206606,0.48468492781001216,0.4816924328722539,0.47646103896103903,0.47613926603038037,0.48094857447375444,0.48919502971366835,0.48591549295774655,0.488120950323974,0.4847664184157075,0.47442990149777353,0.4733648010788941,0.4701163257119936,0.4705414012738854,0.48913483601025776,0.48648648648648657,0.4842247799593771,0.48121524481215244,0.47665186381375324,0.4720715835140998,0.47199046483909424,0.4659638162176233,0.48933297326492026,0.4886486486486486,0.4828053073382074,0.4766544863987007,0.47970975544208544,0.4608146256217234,0.4711158005803218,0.46557971014492755
0.337468982630273,0.33444038525406844,0.3214827295703454,0.32107925801011805,0.32408808203059336,0.3349950149551346,0.3374607891695559,0.3379492251895813,0.4904632152588556,0.48771785371209003,0.48201736254650684,0.4782608695652174,0.48059454995871176,0.4762824048538334,0.4762560220233999,0.4663923182441701,0.49269875608436997,0.49038067949242736,0.4815528634361233,0.4823319125532793,0.47882691517061804,0.4765036306343334,0.4766329598250888,0.47529858849077095,0.49311369160140434,0.4885057471264368,0.48170982326346073,0.47841081528486684,0.47621658670322137,0.48042851256695507,0.46686913307564876,0.46599289811526906,0.49186991869918706,0.4882040092731488,0.4876719792943741,0.4779925956396545,0.4760330578512396,0.47501711156741955,0.46655746655746655,0.46278975193167954,0.49045362220717664,0.48451630583721567,0.48309975267930755,0.47448769082657133,0.4707662677122025,0.46999454446262956,0.46706263498920086,0.46705788210189386,0.49100013533631076,0.48440719879104266,0.4802857535375738,0.47857631759069136,0.47300068352699937,0.46810239739943116,0.45955388336468694,0.46086726599682715,0.4919496685157624,0.4835616438356164,0.4808877928483353,0.4715133121809905,0.4707327056897258,0.4621438263229308,0.45728709977414644,0.4577934825284648
0.3463815789473684,0.3458498023715415,0.33710482529118135,0.3378828229027963,0.3400863500498173,0.34333057166528586,0.3500740984686317,0.35207584177835893,0.4925513353912227,0.4887390424814565,0.4900215749730314,0.48887690440879067,0.48572967151319335,0.48467665721614694,0.4802809292274446,0.48092328581126953,0.4945978391356543,0.4945084382534155,0.4929482874412358,0.4895651003096808,0.48631974248927046,0.48696826468602306,0.48510982347392534,0.4771778645482699,0.4966586474204758,0.49503622216259724,0.48915240533620813,0.48484031801643984,0.48755549576214186,0.4791694755291897,0.48261978257951954,0.4790547798066595,0.4973262032085562,0.4926757156296198,0.4903573836817262,0.4861447403820285,0.4814264487369985,0.48149643385816177,0.4751009421265142,0.4785934773855858,0.494767909847062,0.49376424835724814,0.49081892507706737,0.4849462365591397,0.48133674706912816,0.4756130423066559,0.47106544077879936,0.46548270797169183,0.49314700349368457,0.4929596352420544,0.48679956896551724,0.4838362068965517,0.4822675980655562,0.4757849920170304,0.4779207001723909,0.4596795376937221,0.4944995975315267,0.494237469847226,0.4843182124108224,0.4853511705685619,0.4817007534983853,0.4699906429621708,0.4680010534632604,0.46612043178566787
0.3449523183163433,0.3333888426311407,0.33076923076923076,0.3183507941872254,0.3231543624161074,0.33261410788381746,0.33471006112671403,0.34111310592459604,0.4806137827099602,0.48239002329724545,0.4832490086147956,0.4843686006825939,0.48188158074661563,0.47809419496166483,0.4791723386877213,0.4771739130434782,0.48482373757996455,0.485616905248807,0.48658951667801226,0.4856560163154317,0.48407296487884566,0.4802730375426621,0.47586583037905644,0.47291581389002596,0.4857220560239325,0.4851214851214852,0.4823737579964612,0.4834174969291661,0.48019666757716467,0.47626863630146354,0.4794557823129251,0.4712737127371274,0.4842047930283224,0.48145613794991104,0.4839237057220708,0.4829560949004636,0.4742183214481623,0.4678761424089483,0.47188563648740633,0.468682505399568,0.48207934336525315,0.48178581210627225,0.48226950354609927,0.4818454818454818,0.4745994796658907,0.47253942359978246,0.47006352209758073,0.47269353128313885,0.48265501229172364,0.4790583082398029,0.48083242059145676,0.47691679150211086,0.4714558863698443,0.4725408177034138,0.4687749136327398,0.4613138686131387,0.48612622415669204,0.4805818581034719,0.4774281805745554,0.4782372143634385,0.4676697844652298,0.4677462887989204,0.46912271402067324,0.46139801773604594
0.3276439089692102,0.3226240538267452,0.320337552742616,0.31611148878314066,0.30850700375811413,0.31719702098849023,0.32803878950008364,0.3266323309519854,0.478493884842655,0.4850307587149692,0.4838048380483805,0.4823529411764706,0.4823625922887613,0.4787613044669773,0.4786045243935677,0.4723892837616184,0.4832561938469916,0.4859863945578231,0.4879108937788645,0.4826739427012278,0.48301268931641417,0.47960714772882285,0.47573739295908657,0.4741847826086956,0.4844281245750035,0.48517006802721085,0.48352845085760965,0.4804042059265328,0.47967369136641735,0.4756595050312755,0.4696147585458491,0.4770518358531318,0.48630230339375763,0.48424769147202607,0.47932305172649103,0.47904191616766467,0.4760087241003272,0.47100559421476335,0.47479104880021566,0.4690360796984383,0.48304045770331017,0.48408163265306126,0.482009504412763,0.4804894629503739,0.47319727891156455,0.4682636351333063,0.467687305243192,0.4675150703281983,0.4831338411316648,0.4816482466912267,0.4782846216880633,0.4752825820509328,0.47209018063289426,0.4694455685957103,0.46194855391176864,0.4544012688342585,0.484138869979578,0.48064340239912756,0.4753448982379456,0.4695604695604696,0.46674826601387187,0.4643485319983764,0.46420537250231575,0.456725755995829
